Laikotarpis	Rodiklis	Šalys ir teritorijos:Kodas	Šalys ir teritorijos:Pavadinimas	Kombinuotoji nomenklatūra (2-jų ženklų lygiu)	Matavimo vienetai	Reikšmė
2019	Eksportas	IE	Airija		tūkst. EUR	107154.9
2020M01	Eksportas	IE	Airija		tūkst. EUR	9037.4
2020M02	Eksportas	IE	Airija		tūkst. EUR	6685.3
2020M03	Eksportas	IE	Airija		tūkst. EUR	10228
2019	Eksportas	AT	Austrija		tūkst. EUR	215356
2020M01	Eksportas	AT	Austrija		tūkst. EUR	19946.4
2020M02	Eksportas	AT	Austrija		tūkst. EUR	20228
2020M03	Eksportas	AT	Austrija		tūkst. EUR	24035.5
2019	Eksportas	BE	Belgija		tūkst. EUR	555414.3
2020M01	Eksportas	BE	Belgija		tūkst. EUR	58833.2
2020M02	Eksportas	BE	Belgija		tūkst. EUR	40133.5
2020M03	Eksportas	BE	Belgija		tūkst. EUR	53709.3
2019	Eksportas	BG	Bulgarija		tūkst. EUR	98063.7
2020M01	Eksportas	BG	Bulgarija		tūkst. EUR	10269.1
2020M02	Eksportas	BG	Bulgarija		tūkst. EUR	10527.3
2020M03	Eksportas	BG	Bulgarija		tūkst. EUR	11704.7
2019	Eksportas	CZ	Čekija		tūkst. EUR	339545.8
2020M01	Eksportas	CZ	Čekija		tūkst. EUR	37534.8
2020M02	Eksportas	CZ	Čekija		tūkst. EUR	30647
2020M03	Eksportas	CZ	Čekija		tūkst. EUR	34559.4
2019	Eksportas	DK	Danija		tūkst. EUR	720113.8
2020M01	Eksportas	DK	Danija		tūkst. EUR	64644.3
2020M02	Eksportas	DK	Danija		tūkst. EUR	59519.7
2020M03	Eksportas	DK	Danija		tūkst. EUR	62400.1
2019	Eksportas	EE	Estija		tūkst. EUR	1517327.3
2020M01	Eksportas	EE	Estija		tūkst. EUR	99394
2020M02	Eksportas	EE	Estija		tūkst. EUR	91302.8
2020M03	Eksportas	EE	Estija		tūkst. EUR	126256.9
2019	Eksportas	GR	Graikija		tūkst. EUR	51015.1
2020M01	Eksportas	GR	Graikija		tūkst. EUR	6732.5
2020M02	Eksportas	GR	Graikija		tūkst. EUR	3733
2020M03	Eksportas	GR	Graikija		tūkst. EUR	4345.4
2019	Eksportas	ES	Ispanija		tūkst. EUR	317093
2020M01	Eksportas	ES	Ispanija		tūkst. EUR	25522.7
2020M02	Eksportas	ES	Ispanija		tūkst. EUR	34587.3
2020M03	Eksportas	ES	Ispanija		tūkst. EUR	21066.9
2019	Eksportas	IT	Italija		tūkst. EUR	663312.1
2020M01	Eksportas	IT	Italija		tūkst. EUR	55940.8
2020M02	Eksportas	IT	Italija		tūkst. EUR	55388.3
2020M03	Eksportas	IT	Italija		tūkst. EUR	44937
2019	Eksportas	GB	Jungtinė Karalystė		tūkst. EUR	1123291.8
2020M01	Eksportas	GB	Jungtinė Karalystė		tūkst. EUR	84370.7
2020M02	Eksportas	GB	Jungtinė Karalystė		tūkst. EUR	82424.9
2020M03	Eksportas	GB	Jungtinė Karalystė		tūkst. EUR	84162.3
2019	Eksportas	CY	Kipras		tūkst. EUR	12821.2
2020M01	Eksportas	CY	Kipras		tūkst. EUR	688.8
2020M02	Eksportas	CY	Kipras		tūkst. EUR	1445.8
2020M03	Eksportas	CY	Kipras		tūkst. EUR	700.4
2019	Eksportas	HR	Kroatija		tūkst. EUR	51397.3
2020M01	Eksportas	HR	Kroatija		tūkst. EUR	6426.3
2020M02	Eksportas	HR	Kroatija		tūkst. EUR	3398.6
2020M03	Eksportas	HR	Kroatija		tūkst. EUR	3952.4
2019	Eksportas	LV	Latvija		tūkst. EUR	2826554.1
2020M01	Eksportas	LV	Latvija		tūkst. EUR	218385.5
2020M02	Eksportas	LV	Latvija		tūkst. EUR	208712.8
2020M03	Eksportas	LV	Latvija		tūkst. EUR	227469.8
2019	Eksportas	PL	Lenkija		tūkst. EUR	2331865.3
2020M01	Eksportas	PL	Lenkija		tūkst. EUR	180878.7
2020M02	Eksportas	PL	Lenkija		tūkst. EUR	172284.5
2020M03	Eksportas	PL	Lenkija		tūkst. EUR	164138
2019	Eksportas	LU	Liuksemburgas		tūkst. EUR	12159.5
2020M01	Eksportas	LU	Liuksemburgas		tūkst. EUR	1018.9
2020M02	Eksportas	LU	Liuksemburgas		tūkst. EUR	520.5
2020M03	Eksportas	LU	Liuksemburgas		tūkst. EUR	1076
2019	Eksportas	MT	Malta		tūkst. EUR	6897.6
2020M01	Eksportas	MT	Malta		tūkst. EUR	340.6
2020M02	Eksportas	MT	Malta		tūkst. EUR	355.8
2020M03	Eksportas	MT	Malta		tūkst. EUR	469.4
2019	Eksportas	NL	Nyderlandai		tūkst. EUR	1074580.6
2020M01	Eksportas	NL	Nyderlandai		tūkst. EUR	95453
2020M02	Eksportas	NL	Nyderlandai		tūkst. EUR	90528.2
2020M03	Eksportas	NL	Nyderlandai		tūkst. EUR	112368.7
2019	Eksportas	PT	Portugalija		tūkst. EUR	71604.1
2020M01	Eksportas	PT	Portugalija		tūkst. EUR	7279.2
2020M02	Eksportas	PT	Portugalija		tūkst. EUR	4586.5
2020M03	Eksportas	PT	Portugalija		tūkst. EUR	4002.9
2019	Eksportas	FR	Prancūzija		tūkst. EUR	744524.5
2020M01	Eksportas	FR	Prancūzija		tūkst. EUR	65698.9
2020M02	Eksportas	FR	Prancūzija		tūkst. EUR	60567.2
2020M03	Eksportas	FR	Prancūzija		tūkst. EUR	43492
2019	Eksportas	RO	Rumunija		tūkst. EUR	117279.9
2020M01	Eksportas	RO	Rumunija		tūkst. EUR	8769.7
2020M02	Eksportas	RO	Rumunija		tūkst. EUR	9214.9
2020M03	Eksportas	RO	Rumunija		tūkst. EUR	8629.7
2019	Eksportas	SK	Slovakija		tūkst. EUR	95532.3
2020M01	Eksportas	SK	Slovakija		tūkst. EUR	8405.3
2020M02	Eksportas	SK	Slovakija		tūkst. EUR	8810.7
2020M03	Eksportas	SK	Slovakija		tūkst. EUR	9055.8
2019	Eksportas	SI	Slovėnija		tūkst. EUR	43656
2020M01	Eksportas	SI	Slovėnija		tūkst. EUR	3868.9
2020M02	Eksportas	SI	Slovėnija		tūkst. EUR	4357.8
2020M03	Eksportas	SI	Slovėnija		tūkst. EUR	3472.7
2019	Eksportas	FI	Suomija		tūkst. EUR	529154.1
2020M01	Eksportas	FI	Suomija		tūkst. EUR	39559.4
2020M02	Eksportas	FI	Suomija		tūkst. EUR	40313.2
2020M03	Eksportas	FI	Suomija		tūkst. EUR	49143.7
2019	Eksportas	SE	Švedija		tūkst. EUR	1319994.2
2020M01	Eksportas	SE	Švedija		tūkst. EUR	108170.7
2020M02	Eksportas	SE	Švedija		tūkst. EUR	107021
2020M03	Eksportas	SE	Švedija		tūkst. EUR	108362
2019	Eksportas	HU	Vengrija		tūkst. EUR	197295.6
2020M01	Eksportas	HU	Vengrija		tūkst. EUR	17967.6
2020M02	Eksportas	HU	Vengrija		tūkst. EUR	16071
2020M03	Eksportas	HU	Vengrija		tūkst. EUR	19831
2019	Eksportas	DE	Vokietija		tūkst. EUR	2248596.2
2020M01	Eksportas	DE	Vokietija		tūkst. EUR	215273
2020M02	Eksportas	DE	Vokietija		tūkst. EUR	184089.8
2020M03	Eksportas	DE	Vokietija		tūkst. EUR	191823.9
2019	Eksportas	AF	Afganistanas		tūkst. EUR	5359.5
2020M01	Eksportas	AF	Afganistanas		tūkst. EUR	27.5
2020M02	Eksportas	AF	Afganistanas		tūkst. EUR	402.3
2020M03	Eksportas	AF	Afganistanas		tūkst. EUR	18.1
2019	Eksportas	AL	Albanija		tūkst. EUR	4869.9
2020M01	Eksportas	AL	Albanija		tūkst. EUR	317
2020M02	Eksportas	AL	Albanija		tūkst. EUR	400.8
2020M03	Eksportas	AL	Albanija		tūkst. EUR	443.5
2019	Eksportas	DZ	Alžyras		tūkst. EUR	43216.3
2020M01	Eksportas	DZ	Alžyras		tūkst. EUR	547.4
2020M02	Eksportas	DZ	Alžyras		tūkst. EUR	624.8
2020M03	Eksportas	DZ	Alžyras		tūkst. EUR	851.2
2019	Eksportas	AD	Andora		tūkst. EUR	1642
2020M01	Eksportas	AD	Andora		tūkst. EUR	
2020M02	Eksportas	AD	Andora		tūkst. EUR	
2020M03	Eksportas	AD	Andora		tūkst. EUR	
2019	Eksportas	AO	Angola		tūkst. EUR	11831.9
2020M01	Eksportas	AO	Angola		tūkst. EUR	48.9
2020M02	Eksportas	AO	Angola		tūkst. EUR	102.6
2020M03	Eksportas	AO	Angola		tūkst. EUR	284.3
2019	Eksportas	AG	Antigva ir Barbuda		tūkst. EUR	1.4
2020M01	Eksportas	AG	Antigva ir Barbuda		tūkst. EUR	0.4
2020M02	Eksportas	AG	Antigva ir Barbuda		tūkst. EUR	2.9
2020M03	Eksportas	AG	Antigva ir Barbuda		tūkst. EUR	0.5
2019	Eksportas	AR	Argentina		tūkst. EUR	41239.4
2020M01	Eksportas	AR	Argentina		tūkst. EUR	184
2020M02	Eksportas	AR	Argentina		tūkst. EUR	158.2
2020M03	Eksportas	AR	Argentina		tūkst. EUR	207.9
2019	Eksportas	AM	Armėnija		tūkst. EUR	12545.8
2020M01	Eksportas	AM	Armėnija		tūkst. EUR	844
2020M02	Eksportas	AM	Armėnija		tūkst. EUR	1231
2020M03	Eksportas	AM	Armėnija		tūkst. EUR	855.9
2019	Eksportas	AW	Aruba		tūkst. EUR	127.8
2020M02	Eksportas	AW	Aruba		tūkst. EUR	7.3
2019	Eksportas	QS	"Atsargos ir maisto atsargos, tiekiamos vykdant prekybą su trečiosiomis šalimis"		tūkst. EUR	100790.7
2020M01	Eksportas	QS	"Atsargos ir maisto atsargos, tiekiamos vykdant prekybą su trečiosiomis šalimis"		tūkst. EUR	2908.4
2020M02	Eksportas	QS	"Atsargos ir maisto atsargos, tiekiamos vykdant prekybą su trečiosiomis šalimis"		tūkst. EUR	5867.1
2020M03	Eksportas	QS	"Atsargos ir maisto atsargos, tiekiamos vykdant prekybą su trečiosiomis šalimis"		tūkst. EUR	10000.5
2019	Eksportas	AU	Australija		tūkst. EUR	55100.4
2020M01	Eksportas	AU	Australija		tūkst. EUR	4893.8
2020M02	Eksportas	AU	Australija		tūkst. EUR	14765.1
2020M03	Eksportas	AU	Australija		tūkst. EUR	21277.7
2019	Eksportas	AZ	Azerbaidžanas		tūkst. EUR	40786.2
2020M01	Eksportas	AZ	Azerbaidžanas		tūkst. EUR	3425
2020M02	Eksportas	AZ	Azerbaidžanas		tūkst. EUR	2666.5
2020M03	Eksportas	AZ	Azerbaidžanas		tūkst. EUR	2541
2019	Eksportas	BS	Bahamos		tūkst. EUR	446.5
2020M01	Eksportas	BS	Bahamos		tūkst. EUR	42.6
2020M02	Eksportas	BS	Bahamos		tūkst. EUR	5156.9
2020M03	Eksportas	BS	Bahamos		tūkst. EUR	11017.6
2019	Eksportas	BH	Bahreinas		tūkst. EUR	1035.3
2020M01	Eksportas	BH	Bahreinas		tūkst. EUR	91.6
2020M02	Eksportas	BH	Bahreinas		tūkst. EUR	38.9
2020M03	Eksportas	BH	Bahreinas		tūkst. EUR	26
2019	Eksportas	BY	Baltarusija		tūkst. EUR	1146575.9
2020M01	Eksportas	BY	Baltarusija		tūkst. EUR	77406.7
2020M02	Eksportas	BY	Baltarusija		tūkst. EUR	100912.9
2020M03	Eksportas	BY	Baltarusija		tūkst. EUR	103690.3
2019	Eksportas	BD	Bangladešas		tūkst. EUR	9660.5
2020M01	Eksportas	BD	Bangladešas		tūkst. EUR	412.1
2020M02	Eksportas	BD	Bangladešas		tūkst. EUR	529.6
2020M03	Eksportas	BD	Bangladešas		tūkst. EUR	1100.1
2019	Eksportas	BB	Barbadosas		tūkst. EUR	251.3
2020M01	Eksportas	BB	Barbadosas		tūkst. EUR	23.4
2020M02	Eksportas	BB	Barbadosas		tūkst. EUR	5.9
2020M03	Eksportas	BB	Barbadosas		tūkst. EUR	4.8
2019	Eksportas	BZ	Belizas		tūkst. EUR	9337.2
2020M01	Eksportas	BZ	Belizas		tūkst. EUR	11.7
2020M02	Eksportas	BZ	Belizas		tūkst. EUR	23.6
2019	Eksportas	BJ	Beninas		tūkst. EUR	3861.7
2020M01	Eksportas	BJ	Beninas		tūkst. EUR	338.7
2020M02	Eksportas	BJ	Beninas		tūkst. EUR	357.3
2020M03	Eksportas	BJ	Beninas		tūkst. EUR	221.4
2019	Eksportas	BM	Bermuda		tūkst. EUR	2916.2
2020M02	Eksportas	BM	Bermuda		tūkst. EUR	31.8
2019	Eksportas	GW	Bisau Gvinėja		tūkst. EUR	335.4
2020M01	Eksportas	GW	Bisau Gvinėja		tūkst. EUR	20.6
2020M02	Eksportas	GW	Bisau Gvinėja		tūkst. EUR	20.5
2020M03	Eksportas	GW	Bisau Gvinėja		tūkst. EUR	28
2019	Eksportas	BO	Bolivija		tūkst. EUR	545.3
2020M01	Eksportas	BO	Bolivija		tūkst. EUR	36.9
2020M02	Eksportas	BO	Bolivija		tūkst. EUR	26.5
2020M03	Eksportas	BO	Bolivija		tūkst. EUR	29.7
2019	Eksportas	BQ	"Boneras, Sint Eustatijus ir Saba"		tūkst. EUR	3.1
2020M01	Eksportas	BQ	"Boneras, Sint Eustatijus ir Saba"		tūkst. EUR	2.6
2019	Eksportas	BA	Bosnija ir Hercegovina		tūkst. EUR	5944.9
2020M01	Eksportas	BA	Bosnija ir Hercegovina		tūkst. EUR	415
2020M02	Eksportas	BA	Bosnija ir Hercegovina		tūkst. EUR	444.7
2020M03	Eksportas	BA	Bosnija ir Hercegovina		tūkst. EUR	945.6
2019	Eksportas	BW	Botsvana		tūkst. EUR	307
2020M02	Eksportas	BW	Botsvana		tūkst. EUR	20.6
2020M03	Eksportas	BW	Botsvana		tūkst. EUR	41
2019	Eksportas	BR	Brazilija		tūkst. EUR	17178.6
2020M01	Eksportas	BR	Brazilija		tūkst. EUR	1112.4
2020M02	Eksportas	BR	Brazilija		tūkst. EUR	2661.7
2020M03	Eksportas	BR	Brazilija		tūkst. EUR	1265.6
2019	Eksportas	BN	Brunėjus		tūkst. EUR	97.1
2020M01	Eksportas	BN	Brunėjus		tūkst. EUR	7.2
2020M02	Eksportas	BN	Brunėjus		tūkst. EUR	6.9
2020M03	Eksportas	BN	Brunėjus		tūkst. EUR	28.8
2019	Eksportas	BF	Burkina Fasas		tūkst. EUR	1058.2
2020M01	Eksportas	BF	Burkina Fasas		tūkst. EUR	27.2
2020M02	Eksportas	BF	Burkina Fasas		tūkst. EUR	78.3
2020M03	Eksportas	BF	Burkina Fasas		tūkst. EUR	67.7
2019	Eksportas	BI	Burundis		tūkst. EUR	88.3
2019	Eksportas	BT	Butanas		tūkst. EUR	5.2
2020M03	Eksportas	BT	Butanas		tūkst. EUR	
2019	Eksportas	MK	Šiaurės Makedonija		tūkst. EUR	3758.3
2020M01	Eksportas	MK	Šiaurės Makedonija		tūkst. EUR	358.4
2020M02	Eksportas	MK	Šiaurės Makedonija		tūkst. EUR	323.6
2020M03	Eksportas	MK	Šiaurės Makedonija		tūkst. EUR	326.9
2019	Eksportas	CF	Centrinės Afrikos Respublika		tūkst. EUR	31
2020M01	Eksportas	CF	Centrinės Afrikos Respublika		tūkst. EUR	4.4
2020M02	Eksportas	CF	Centrinės Afrikos Respublika		tūkst. EUR	0.1
2020M03	Eksportas	CF	Centrinės Afrikos Respublika		tūkst. EUR	9.3
2019	Eksportas	TD	Čadas		tūkst. EUR	25.4
2020M01	Eksportas	TD	Čadas		tūkst. EUR	43.9
2019	Eksportas	CL	Čilė		tūkst. EUR	14099.5
2020M01	Eksportas	CL	Čilė		tūkst. EUR	1870.9
2020M02	Eksportas	CL	Čilė		tūkst. EUR	2286.2
2020M03	Eksportas	CL	Čilė		tūkst. EUR	1671.9
2019	Eksportas	VG	Didžiosios Britanijos Mergelių Salos		tūkst. EUR	2
2019	Eksportas	DM	Dominika		tūkst. EUR	162.9
2020M01	Eksportas	DM	Dominika		tūkst. EUR	93.2
2020M03	Eksportas	DM	Dominika		tūkst. EUR	35.3
2019	Eksportas	DO	Dominikos Respublika		tūkst. EUR	1811.4
2020M01	Eksportas	DO	Dominikos Respublika		tūkst. EUR	109.7
2020M02	Eksportas	DO	Dominikos Respublika		tūkst. EUR	95.5
2020M03	Eksportas	DO	Dominikos Respublika		tūkst. EUR	54.6
2019	Eksportas	CI	Dramblio Kaulo Krantas		tūkst. EUR	6633.1
2020M01	Eksportas	CI	Dramblio Kaulo Krantas		tūkst. EUR	3253.7
2020M02	Eksportas	CI	Dramblio Kaulo Krantas		tūkst. EUR	272.5
2020M03	Eksportas	CI	Dramblio Kaulo Krantas		tūkst. EUR	163.6
2019	Eksportas	DJ	Džibutis		tūkst. EUR	66.4
2020M01	Eksportas	DJ	Džibutis		tūkst. EUR	2
2020M02	Eksportas	DJ	Džibutis		tūkst. EUR	1.6
2019	Eksportas	EG	Egiptas		tūkst. EUR	45120.5
2020M01	Eksportas	EG	Egiptas		tūkst. EUR	1681.4
2020M02	Eksportas	EG	Egiptas		tūkst. EUR	5508.4
2020M03	Eksportas	EG	Egiptas		tūkst. EUR	1686.1
2019	Eksportas	EC	Ekvadoras		tūkst. EUR	1409.7
2020M01	Eksportas	EC	Ekvadoras		tūkst. EUR	23.5
2020M02	Eksportas	EC	Ekvadoras		tūkst. EUR	284.4
2020M03	Eksportas	EC	Ekvadoras		tūkst. EUR	106.6
2019	Eksportas	ER	Eritrėja		tūkst. EUR	3.4
2019	Eksportas	ET	Etiopija		tūkst. EUR	1337.7
2020M01	Eksportas	ET	Etiopija		tūkst. EUR	46.5
2020M02	Eksportas	ET	Etiopija		tūkst. EUR	147.3
2020M03	Eksportas	ET	Etiopija		tūkst. EUR	39.4
2019	Eksportas	FO	Farerų salos		tūkst. EUR	20400.9
2020M01	Eksportas	FO	Farerų salos		tūkst. EUR	1234.3
2020M02	Eksportas	FO	Farerų salos		tūkst. EUR	1133.4
2020M03	Eksportas	FO	Farerų salos		tūkst. EUR	1138
2019	Eksportas	FJ	Fidžis		tūkst. EUR	162.4
2020M02	Eksportas	FJ	Fidžis		tūkst. EUR	11.9
2019	Eksportas	PH	Filipinai		tūkst. EUR	4574.9
2020M01	Eksportas	PH	Filipinai		tūkst. EUR	492
2020M02	Eksportas	PH	Filipinai		tūkst. EUR	297.8
2020M03	Eksportas	PH	Filipinai		tūkst. EUR	463.2
2019	Eksportas	GA	Gabonas		tūkst. EUR	445.7
2020M01	Eksportas	GA	Gabonas		tūkst. EUR	93.1
2020M02	Eksportas	GA	Gabonas		tūkst. EUR	61.6
2020M03	Eksportas	GA	Gabonas		tūkst. EUR	222.2
2019	Eksportas	GY	Gajana		tūkst. EUR	362.3
2020M01	Eksportas	GY	Gajana		tūkst. EUR	19.5
2020M02	Eksportas	GY	Gajana		tūkst. EUR	36
2020M03	Eksportas	GY	Gajana		tūkst. EUR	59.8
2019	Eksportas	GM	Gambija		tūkst. EUR	665.7
2020M01	Eksportas	GM	Gambija		tūkst. EUR	83.6
2020M02	Eksportas	GM	Gambija		tūkst. EUR	84.3
2020M03	Eksportas	GM	Gambija		tūkst. EUR	54.7
2019	Eksportas	GH	Gana		tūkst. EUR	3588.3
2020M01	Eksportas	GH	Gana		tūkst. EUR	142.4
2020M02	Eksportas	GH	Gana		tūkst. EUR	382.1
2020M03	Eksportas	GH	Gana		tūkst. EUR	2606.1
2019	Eksportas	GI	Gibraltaras		tūkst. EUR	268.3
2020M01	Eksportas	GI	Gibraltaras		tūkst. EUR	0.1
2019	Eksportas	GD	Grenada		tūkst. EUR	162.4
2020M01	Eksportas	GD	Grenada		tūkst. EUR	0.1
2020M02	Eksportas	GD	Grenada		tūkst. EUR	17.1
2019	Eksportas	GL	Grenlandija		tūkst. EUR	168.1
2020M01	Eksportas	GL	Grenlandija		tūkst. EUR	31
2020M02	Eksportas	GL	Grenlandija		tūkst. EUR	18
2020M03	Eksportas	GL	Grenlandija		tūkst. EUR	11.8
2019	Eksportas	GE	Gruzija		tūkst. EUR	30630.8
2020M01	Eksportas	GE	Gruzija		tūkst. EUR	2733.9
2020M02	Eksportas	GE	Gruzija		tūkst. EUR	3399.2
2020M03	Eksportas	GE	Gruzija		tūkst. EUR	2369.6
2019	Eksportas	GU	Guamas		tūkst. EUR	1.5
2020M02	Eksportas	GU	Guamas		tūkst. EUR	0.1
2019	Eksportas	GT	Gvatemala		tūkst. EUR	1000.7
2020M01	Eksportas	GT	Gvatemala		tūkst. EUR	156
2020M02	Eksportas	GT	Gvatemala		tūkst. EUR	2072.7
2020M03	Eksportas	GT	Gvatemala		tūkst. EUR	220.1
2019	Eksportas	GN	Gvinėja		tūkst. EUR	1084.4
2020M01	Eksportas	GN	Gvinėja		tūkst. EUR	26.9
2020M02	Eksportas	GN	Gvinėja		tūkst. EUR	63.9
2020M03	Eksportas	GN	Gvinėja		tūkst. EUR	12.8
2019	Eksportas	HT	Haitis		tūkst. EUR	196.9
2020M01	Eksportas	HT	Haitis		tūkst. EUR	
2020M02	Eksportas	HT	Haitis		tūkst. EUR	62.9
2020M03	Eksportas	HT	Haitis		tūkst. EUR	
2019	Eksportas	HN	Hondūras		tūkst. EUR	559.2
2020M01	Eksportas	HN	Hondūras		tūkst. EUR	23
2020M02	Eksportas	HN	Hondūras		tūkst. EUR	28
2020M03	Eksportas	HN	Hondūras		tūkst. EUR	18.7
2019	Eksportas	HK	Honkongas		tūkst. EUR	37903.3
2020M01	Eksportas	HK	Honkongas		tūkst. EUR	2544.9
2020M02	Eksportas	HK	Honkongas		tūkst. EUR	1738.2
2020M03	Eksportas	HK	Honkongas		tūkst. EUR	3570
2019	Eksportas	IN	Indija		tūkst. EUR	45030.5
2020M01	Eksportas	IN	Indija		tūkst. EUR	4069.1
2020M02	Eksportas	IN	Indija		tūkst. EUR	4775
2020M03	Eksportas	IN	Indija		tūkst. EUR	12958.8
2019	Eksportas	ID	Indonezija		tūkst. EUR	9097.3
2020M01	Eksportas	ID	Indonezija		tūkst. EUR	402.9
2020M02	Eksportas	ID	Indonezija		tūkst. EUR	678.1
2020M03	Eksportas	ID	Indonezija		tūkst. EUR	3778.8
2019	Eksportas	IQ	Irakas		tūkst. EUR	4985.2
2020M01	Eksportas	IQ	Irakas		tūkst. EUR	428.9
2020M02	Eksportas	IQ	Irakas		tūkst. EUR	236.7
2020M03	Eksportas	IQ	Irakas		tūkst. EUR	128.9
2019	Eksportas	IR	Iranas		tūkst. EUR	3101.3
2020M01	Eksportas	IR	Iranas		tūkst. EUR	329.3
2020M02	Eksportas	IR	Iranas		tūkst. EUR	316.1
2020M03	Eksportas	IR	Iranas		tūkst. EUR	170.6
2019	Eksportas	IS	Islandija		tūkst. EUR	46734.6
2020M01	Eksportas	IS	Islandija		tūkst. EUR	3647.3
2020M02	Eksportas	IS	Islandija		tūkst. EUR	2832.2
2020M03	Eksportas	IS	Islandija		tūkst. EUR	3668.7
2019	Eksportas	IL	Izraelis		tūkst. EUR	70189.6
2020M01	Eksportas	IL	Izraelis		tūkst. EUR	3812
2020M02	Eksportas	IL	Izraelis		tūkst. EUR	4434.8
2020M03	Eksportas	IL	Izraelis		tūkst. EUR	18717.9
2019	Eksportas	JM	Jamaika		tūkst. EUR	826.6
2020M01	Eksportas	JM	Jamaika		tūkst. EUR	19.7
2020M02	Eksportas	JM	Jamaika		tūkst. EUR	83.4
2020M03	Eksportas	JM	Jamaika		tūkst. EUR	96.2
2019	Eksportas	JP	Japonija		tūkst. EUR	180446.7
2020M01	Eksportas	JP	Japonija		tūkst. EUR	8483.2
2020M02	Eksportas	JP	Japonija		tūkst. EUR	6489
2020M03	Eksportas	JP	Japonija		tūkst. EUR	7472.2
2019	Eksportas	YE	Jemenas		tūkst. EUR	878.1
2020M03	Eksportas	YE	Jemenas		tūkst. EUR	198.5
2019	Eksportas	JO	Jordanija		tūkst. EUR	4344.2
2020M01	Eksportas	JO	Jordanija		tūkst. EUR	457.8
2020M02	Eksportas	JO	Jordanija		tūkst. EUR	423.5
2020M03	Eksportas	JO	Jordanija		tūkst. EUR	1263.7
2019	Eksportas	US	Jungtinės Valstijos		tūkst. EUR	1100233.8
2020M01	Eksportas	US	Jungtinės Valstijos		tūkst. EUR	57260.1
2020M02	Eksportas	US	Jungtinės Valstijos		tūkst. EUR	107503.3
2020M03	Eksportas	US	Jungtinės Valstijos		tūkst. EUR	107330
2019	Eksportas	AE	Jungtiniai Arabų Emyratai		tūkst. EUR	77361.2
2020M01	Eksportas	AE	Jungtiniai Arabų Emyratai		tūkst. EUR	5199.6
2020M02	Eksportas	AE	Jungtiniai Arabų Emyratai		tūkst. EUR	4387.3
2020M03	Eksportas	AE	Jungtiniai Arabų Emyratai		tūkst. EUR	4953.2
2019	Eksportas	VI	Jungtinių Valstijų Mergelių Salos		tūkst. EUR	0.5
2019	Eksportas	ME	Juodkalnija		tūkst. EUR	1530.8
2020M01	Eksportas	ME	Juodkalnija		tūkst. EUR	60.4
2020M02	Eksportas	ME	Juodkalnija		tūkst. EUR	142
2020M03	Eksportas	ME	Juodkalnija		tūkst. EUR	239.4
2020M01	Eksportas	KY	Kaimanų salos		tūkst. EUR	0.2
2019	Eksportas	KH	Kambodža		tūkst. EUR	1385.9
2020M01	Eksportas	KH	Kambodža		tūkst. EUR	6.2
2020M02	Eksportas	KH	Kambodža		tūkst. EUR	1011.9
2020M03	Eksportas	KH	Kambodža		tūkst. EUR	71.4
2019	Eksportas	CM	Kamerūnas		tūkst. EUR	3511.2
2020M01	Eksportas	CM	Kamerūnas		tūkst. EUR	4424.7
2020M02	Eksportas	CM	Kamerūnas		tūkst. EUR	553.9
2020M03	Eksportas	CM	Kamerūnas		tūkst. EUR	476
2019	Eksportas	CA	Kanada		tūkst. EUR	151841.5
2020M01	Eksportas	CA	Kanada		tūkst. EUR	3116.4
2020M02	Eksportas	CA	Kanada		tūkst. EUR	2891
2020M03	Eksportas	CA	Kanada		tūkst. EUR	3633.2
2019	Eksportas	QA	Kataras		tūkst. EUR	5732.4
2020M01	Eksportas	QA	Kataras		tūkst. EUR	379.4
2020M02	Eksportas	QA	Kataras		tūkst. EUR	739.2
2020M03	Eksportas	QA	Kataras		tūkst. EUR	745
2019	Eksportas	KZ	Kazachstanas		tūkst. EUR	430905.2
2020M01	Eksportas	KZ	Kazachstanas		tūkst. EUR	20827.6
2020M02	Eksportas	KZ	Kazachstanas		tūkst. EUR	30047
2020M03	Eksportas	KZ	Kazachstanas		tūkst. EUR	32907.2
2019	Eksportas	KE	Kenija		tūkst. EUR	13628.6
2020M01	Eksportas	KE	Kenija		tūkst. EUR	95.9
2020M02	Eksportas	KE	Kenija		tūkst. EUR	283.7
2020M03	Eksportas	KE	Kenija		tūkst. EUR	6779
2019	Eksportas	CN	Kinija		tūkst. EUR	276751.3
2020M01	Eksportas	CN	Kinija		tūkst. EUR	19110.9
2020M02	Eksportas	CN	Kinija		tūkst. EUR	27424.9
2020M03	Eksportas	CN	Kinija		tūkst. EUR	44244.7
2019	Eksportas	KG	Kirgizijos Respublika		tūkst. EUR	75722.4
2020M01	Eksportas	KG	Kirgizijos Respublika		tūkst. EUR	1817.8
2020M02	Eksportas	KG	Kirgizijos Respublika		tūkst. EUR	2004.8
2020M03	Eksportas	KG	Kirgizijos Respublika		tūkst. EUR	2394.2
2019	Eksportas	CW	Kiurasao		tūkst. EUR	13.8
2020M01	Eksportas	CW	Kiurasao		tūkst. EUR	1.3
2020M02	Eksportas	CW	Kiurasao		tūkst. EUR	18.4
2020M03	Eksportas	CW	Kiurasao		tūkst. EUR	2.9
2019	Eksportas	CO	Kolumbija		tūkst. EUR	2910.1
2020M01	Eksportas	CO	Kolumbija		tūkst. EUR	279.5
2020M02	Eksportas	CO	Kolumbija		tūkst. EUR	223.9
2020M03	Eksportas	CO	Kolumbija		tūkst. EUR	310.1
2019	Eksportas	KM	Komorai		tūkst. EUR	5.9
2019	Eksportas	CG	Kongas		tūkst. EUR	224.8
2020M01	Eksportas	CG	Kongas		tūkst. EUR	16.9
2020M03	Eksportas	CG	Kongas		tūkst. EUR	39.2
2019	Eksportas	CD	Kongo Demokratinė Respublika		tūkst. EUR	250.7
2020M01	Eksportas	CD	Kongo Demokratinė Respublika		tūkst. EUR	50
2020M02	Eksportas	CD	Kongo Demokratinė Respublika		tūkst. EUR	1.3
2020M03	Eksportas	CD	Kongo Demokratinė Respublika		tūkst. EUR	19.7
2019	Eksportas	XK	Kosovas		tūkst. EUR	2924.2
2020M01	Eksportas	XK	Kosovas		tūkst. EUR	337.3
2020M02	Eksportas	XK	Kosovas		tūkst. EUR	227
2020M03	Eksportas	XK	Kosovas		tūkst. EUR	97.4
2019	Eksportas	CR	Kosta Rika		tūkst. EUR	12428.9
2020M01	Eksportas	CR	Kosta Rika		tūkst. EUR	97.1
2020M02	Eksportas	CR	Kosta Rika		tūkst. EUR	197.8
2020M03	Eksportas	CR	Kosta Rika		tūkst. EUR	309.5
2019	Eksportas	CU	Kuba		tūkst. EUR	1374.5
2019	Eksportas	KW	Kuveitas		tūkst. EUR	2926.2
2020M01	Eksportas	KW	Kuveitas		tūkst. EUR	306.3
2020M02	Eksportas	KW	Kuveitas		tūkst. EUR	415.8
2020M03	Eksportas	KW	Kuveitas		tūkst. EUR	631.3
2019	Eksportas	LA	Laosas		tūkst. EUR	151.7
2019	Eksportas	LS	Lesotas		tūkst. EUR	
2020M03	Eksportas	LS	Lesotas		tūkst. EUR	17.4
2019	Eksportas	LB	Libanas		tūkst. EUR	4121.9
2020M01	Eksportas	LB	Libanas		tūkst. EUR	113.1
2020M02	Eksportas	LB	Libanas		tūkst. EUR	294.9
2020M03	Eksportas	LB	Libanas		tūkst. EUR	312.2
2019	Eksportas	LR	Liberija		tūkst. EUR	1012.2
2020M01	Eksportas	LR	Liberija		tūkst. EUR	7.6
2020M02	Eksportas	LR	Liberija		tūkst. EUR	22.5
2020M03	Eksportas	LR	Liberija		tūkst. EUR	2.2
2019	Eksportas	LY	Libija		tūkst. EUR	64952.6
2020M01	Eksportas	LY	Libija		tūkst. EUR	1767.5
2020M02	Eksportas	LY	Libija		tūkst. EUR	4080.5
2020M03	Eksportas	LY	Libija		tūkst. EUR	2170.9
2019	Eksportas	LI	Lichtenšteinas		tūkst. EUR	282.8
2020M01	Eksportas	LI	Lichtenšteinas		tūkst. EUR	149.6
2020M02	Eksportas	LI	Lichtenšteinas		tūkst. EUR	6.5
2020M03	Eksportas	LI	Lichtenšteinas		tūkst. EUR	15.9
2019	Eksportas	MG	Madagaskaras		tūkst. EUR	360.5
2020M01	Eksportas	MG	Madagaskaras		tūkst. EUR	9.4
2020M02	Eksportas	MG	Madagaskaras		tūkst. EUR	24.2
2020M03	Eksportas	MG	Madagaskaras		tūkst. EUR	69.1
2019	Eksportas	MO	Makao		tūkst. EUR	174.4
2020M01	Eksportas	MO	Makao		tūkst. EUR	33.4
2020M02	Eksportas	MO	Makao		tūkst. EUR	2.2
2020M03	Eksportas	MO	Makao		tūkst. EUR	18
2019	Eksportas	MY	Malaizija		tūkst. EUR	23661.8
2020M01	Eksportas	MY	Malaizija		tūkst. EUR	1374.3
2020M02	Eksportas	MY	Malaizija		tūkst. EUR	2060.7
2020M03	Eksportas	MY	Malaizija		tūkst. EUR	2721.9
2019	Eksportas	MW	Malavis		tūkst. EUR	807.3
2020M01	Eksportas	MW	Malavis		tūkst. EUR	71.2
2020M02	Eksportas	MW	Malavis		tūkst. EUR	72.4
2020M03	Eksportas	MW	Malavis		tūkst. EUR	62.9
2019	Eksportas	MV	Maldyvai		tūkst. EUR	337.1
2020M01	Eksportas	MV	Maldyvai		tūkst. EUR	24.9
2020M02	Eksportas	MV	Maldyvai		tūkst. EUR	51.6
2020M03	Eksportas	MV	Maldyvai		tūkst. EUR	23
2019	Eksportas	ML	Malis		tūkst. EUR	1174.2
2020M01	Eksportas	ML	Malis		tūkst. EUR	63.6
2020M02	Eksportas	ML	Malis		tūkst. EUR	196.1
2020M03	Eksportas	ML	Malis		tūkst. EUR	110.7
2019	Eksportas	MA	Marokas		tūkst. EUR	63570
2020M01	Eksportas	MA	Marokas		tūkst. EUR	938.5
2020M02	Eksportas	MA	Marokas		tūkst. EUR	957
2020M03	Eksportas	MA	Marokas		tūkst. EUR	1310.9
2019	Eksportas	MH	Maršalo Salos		tūkst. EUR	1159.8
2020M03	Eksportas	MH	Maršalo Salos		tūkst. EUR	36.7
2019	Eksportas	MU	Mauricijus		tūkst. EUR	1077.1
2020M01	Eksportas	MU	Mauricijus		tūkst. EUR	64.4
2020M02	Eksportas	MU	Mauricijus		tūkst. EUR	43.9
2020M03	Eksportas	MU	Mauricijus		tūkst. EUR	86.1
2019	Eksportas	MR	Mauritanija		tūkst. EUR	2027.2
2020M01	Eksportas	MR	Mauritanija		tūkst. EUR	25.5
2020M02	Eksportas	MR	Mauritanija		tūkst. EUR	187.6
2020M03	Eksportas	MR	Mauritanija		tūkst. EUR	244.8
2019	Eksportas	MX	Meksika		tūkst. EUR	22175.4
2020M01	Eksportas	MX	Meksika		tūkst. EUR	1555.4
2020M02	Eksportas	MX	Meksika		tūkst. EUR	1003.3
2020M03	Eksportas	MX	Meksika		tūkst. EUR	3473.8
2019	Eksportas	XL	Melilija		tūkst. EUR	138.8
2019	Eksportas	MM	Mianmaras		tūkst. EUR	758.5
2020M01	Eksportas	MM	Mianmaras		tūkst. EUR	165.6
2020M02	Eksportas	MM	Mianmaras		tūkst. EUR	
2020M03	Eksportas	MM	Mianmaras		tūkst. EUR	36.7
2019	Eksportas	MD	Moldovos Respublika		tūkst. EUR	25708.8
2020M01	Eksportas	MD	Moldovos Respublika		tūkst. EUR	2965.6
2020M02	Eksportas	MD	Moldovos Respublika		tūkst. EUR	2412.1
2020M03	Eksportas	MD	Moldovos Respublika		tūkst. EUR	1873.9
2019	Eksportas	MN	Mongolija		tūkst. EUR	17544.5
2020M01	Eksportas	MN	Mongolija		tūkst. EUR	284.8
2020M02	Eksportas	MN	Mongolija		tūkst. EUR	477.8
2020M03	Eksportas	MN	Mongolija		tūkst. EUR	259
2019	Eksportas	MZ	Mozambikas		tūkst. EUR	7465.1
2020M01	Eksportas	MZ	Mozambikas		tūkst. EUR	219.4
2020M02	Eksportas	MZ	Mozambikas		tūkst. EUR	89.4
2020M03	Eksportas	MZ	Mozambikas		tūkst. EUR	180.7
2019	Eksportas	NA	Namibija		tūkst. EUR	1769.8
2020M01	Eksportas	NA	Namibija		tūkst. EUR	25.9
2020M02	Eksportas	NA	Namibija		tūkst. EUR	23.2
2020M03	Eksportas	NA	Namibija		tūkst. EUR	14.6
2019	Eksportas	NC	Naujoji Kaledonija		tūkst. EUR	698
2020M01	Eksportas	NC	Naujoji Kaledonija		tūkst. EUR	110.2
2020M02	Eksportas	NC	Naujoji Kaledonija		tūkst. EUR	40.5
2020M03	Eksportas	NC	Naujoji Kaledonija		tūkst. EUR	192.1
2019	Eksportas	NZ	Naujoji Zelandija		tūkst. EUR	12609.2
2020M01	Eksportas	NZ	Naujoji Zelandija		tūkst. EUR	1224.5
2020M02	Eksportas	NZ	Naujoji Zelandija		tūkst. EUR	1331.2
2020M03	Eksportas	NZ	Naujoji Zelandija		tūkst. EUR	1118.5
2019	Eksportas	NP	Nepalas		tūkst. EUR	2453.7
2020M01	Eksportas	NP	Nepalas		tūkst. EUR	32.4
2020M02	Eksportas	NP	Nepalas		tūkst. EUR	471.8
2020M03	Eksportas	NP	Nepalas		tūkst. EUR	284.5
2019	Eksportas	NG	Nigerija		tūkst. EUR	51349.9
2020M01	Eksportas	NG	Nigerija		tūkst. EUR	18134.9
2020M02	Eksportas	NG	Nigerija		tūkst. EUR	720.4
2020M03	Eksportas	NG	Nigerija		tūkst. EUR	39160.2
2019	Eksportas	NE	Nigeris		tūkst. EUR	7.5
2020M01	Eksportas	NE	Nigeris		tūkst. EUR	114.3
2020M02	Eksportas	NE	Nigeris		tūkst. EUR	9
2020M03	Eksportas	NE	Nigeris		tūkst. EUR	177.8
2019	Eksportas	NI	Nikaragva		tūkst. EUR	132.4
2020M01	Eksportas	NI	Nikaragva		tūkst. EUR	10.6
2020M02	Eksportas	NI	Nikaragva		tūkst. EUR	2.2
2020M03	Eksportas	NI	Nikaragva		tūkst. EUR	2.3
2019	Eksportas	NO	Norvegija		tūkst. EUR	816766.5
2020M01	Eksportas	NO	Norvegija		tūkst. EUR	65360.1
2020M02	Eksportas	NO	Norvegija		tūkst. EUR	63690.4
2020M03	Eksportas	NO	Norvegija		tūkst. EUR	74351.7
2019	Eksportas	PS	Okupuota Palestinos Teritorija		tūkst. EUR	1158.7
2020M01	Eksportas	PS	Okupuota Palestinos Teritorija		tūkst. EUR	103
2020M02	Eksportas	PS	Okupuota Palestinos Teritorija		tūkst. EUR	81.8
2020M03	Eksportas	PS	Okupuota Palestinos Teritorija		tūkst. EUR	155.7
2019	Eksportas	OM	Omanas		tūkst. EUR	3171.1
2020M01	Eksportas	OM	Omanas		tūkst. EUR	203.8
2020M02	Eksportas	OM	Omanas		tūkst. EUR	652.9
2020M03	Eksportas	OM	Omanas		tūkst. EUR	1023
2019	Eksportas	PK	Pakistanas		tūkst. EUR	10910.5
2020M01	Eksportas	PK	Pakistanas		tūkst. EUR	956.8
2020M02	Eksportas	PK	Pakistanas		tūkst. EUR	1362.7
2020M03	Eksportas	PK	Pakistanas		tūkst. EUR	992.9
2019	Eksportas	PA	Panama		tūkst. EUR	608.6
2020M01	Eksportas	PA	Panama		tūkst. EUR	11.2
2020M02	Eksportas	PA	Panama		tūkst. EUR	18.3
2020M03	Eksportas	PA	Panama		tūkst. EUR	35.2
2019	Eksportas	PG	Papua Naujoji Gvinėja		tūkst. EUR	19.6
2020M01	Eksportas	PG	Papua Naujoji Gvinėja		tūkst. EUR	1.7
2020M02	Eksportas	PG	Papua Naujoji Gvinėja		tūkst. EUR	6.3
2019	Eksportas	PY	Paragvajus		tūkst. EUR	1551.4
2020M01	Eksportas	PY	Paragvajus		tūkst. EUR	131.9
2020M02	Eksportas	PY	Paragvajus		tūkst. EUR	41.8
2020M03	Eksportas	PY	Paragvajus		tūkst. EUR	13.5
2019	Eksportas	PE	Peru		tūkst. EUR	4675.4
2020M01	Eksportas	PE	Peru		tūkst. EUR	338.5
2020M02	Eksportas	PE	Peru		tūkst. EUR	281.4
2020M03	Eksportas	PE	Peru		tūkst. EUR	454.8
2019	Eksportas	ZA	Pietų Afrika		tūkst. EUR	111779
2020M01	Eksportas	ZA	Pietų Afrika		tūkst. EUR	2281.3
2020M02	Eksportas	ZA	Pietų Afrika		tūkst. EUR	2334.3
2020M03	Eksportas	ZA	Pietų Afrika		tūkst. EUR	4896.3
2019	Eksportas	KR	Pietų Korėja		tūkst. EUR	61187.3
2020M01	Eksportas	KR	Pietų Korėja		tūkst. EUR	4738.5
2020M02	Eksportas	KR	Pietų Korėja		tūkst. EUR	4532.3
2020M03	Eksportas	KR	Pietų Korėja		tūkst. EUR	4324.3
2019	Eksportas	SS	Pietų Sudanas		tūkst. EUR	47.5
2019	Eksportas	PF	Prancūzijos Polinezija		tūkst. EUR	106.4
2020M01	Eksportas	PF	Prancūzijos Polinezija		tūkst. EUR	6.7
2020M02	Eksportas	PF	Prancūzijos Polinezija		tūkst. EUR	26.2
2020M03	Eksportas	PF	Prancūzijos Polinezija		tūkst. EUR	62.2
2019	Eksportas	GQ	Pusiaujo Gvinėja		tūkst. EUR	91.2
2020M01	Eksportas	GQ	Pusiaujo Gvinėja		tūkst. EUR	7.8
2020M02	Eksportas	GQ	Pusiaujo Gvinėja		tūkst. EUR	120.2
2019	Eksportas	RW	Ruanda		tūkst. EUR	4841.6
2020M01	Eksportas	RW	Ruanda		tūkst. EUR	164.7
2020M02	Eksportas	RW	Ruanda		tūkst. EUR	1.1
2020M03	Eksportas	RW	Ruanda		tūkst. EUR	9
2019	Eksportas	RU	Rusija		tūkst. EUR	4142199.5
2020M01	Eksportas	RU	Rusija		tūkst. EUR	251894
2020M02	Eksportas	RU	Rusija		tūkst. EUR	332484.2
2020M03	Eksportas	RU	Rusija		tūkst. EUR	361012.3
2019	Eksportas	SV	Salvadoras		tūkst. EUR	189.6
2020M01	Eksportas	SV	Salvadoras		tūkst. EUR	42.9
2020M02	Eksportas	SV	Salvadoras		tūkst. EUR	0.4
2020M03	Eksportas	SV	Salvadoras		tūkst. EUR	36
2019	Eksportas	SM	San Marinas		tūkst. EUR	18.5
2020M01	Eksportas	SM	San Marinas		tūkst. EUR	
2020M02	Eksportas	SM	San Marinas		tūkst. EUR	
2020M03	Eksportas	SM	San Marinas		tūkst. EUR	
2019	Eksportas	SA	Saudo Arabija		tūkst. EUR	456862.9
2020M01	Eksportas	SA	Saudo Arabija		tūkst. EUR	5405.2
2020M02	Eksportas	SA	Saudo Arabija		tūkst. EUR	17003.1
2020M03	Eksportas	SA	Saudo Arabija		tūkst. EUR	5650.4
2019	Eksportas	SC	Seišeliai		tūkst. EUR	119.1
2020M01	Eksportas	SC	Seišeliai		tūkst. EUR	4.3
2020M02	Eksportas	SC	Seišeliai		tūkst. EUR	23.5
2020M03	Eksportas	SC	Seišeliai		tūkst. EUR	13.8
2019	Eksportas	BL	Sen Bertelemi		tūkst. EUR	83.3
2020M02	Eksportas	BL	Sen Bertelemi		tūkst. EUR	26.7
2019	Eksportas	SN	Senegalas		tūkst. EUR	2408.3
2020M01	Eksportas	SN	Senegalas		tūkst. EUR	78.3
2020M02	Eksportas	SN	Senegalas		tūkst. EUR	103.2
2020M03	Eksportas	SN	Senegalas		tūkst. EUR	101.4
2019	Eksportas	LC	Sent Lusija		tūkst. EUR	96.8
2020M01	Eksportas	LC	Sent Lusija		tūkst. EUR	1.1
2020M02	Eksportas	LC	Sent Lusija		tūkst. EUR	1.5
2019	Eksportas	VC	Sent Vinsentas ir Grenadinai		tūkst. EUR	115
2020M01	Eksportas	VC	Sent Vinsentas ir Grenadinai		tūkst. EUR	2.7
2020M02	Eksportas	VC	Sent Vinsentas ir Grenadinai		tūkst. EUR	9.2
2020M03	Eksportas	VC	Sent Vinsentas ir Grenadinai		tūkst. EUR	22.7
2019	Eksportas	XS	Serbija		tūkst. EUR	18803.9
2020M01	Eksportas	XS	Serbija		tūkst. EUR	1188.6
2020M02	Eksportas	XS	Serbija		tūkst. EUR	1524.1
2020M03	Eksportas	XS	Serbija		tūkst. EUR	1745.6
2019	Eksportas	XC	Seuta		tūkst. EUR	21.3
2019	Eksportas	SL	Siera Leonė		tūkst. EUR	861.5
2020M01	Eksportas	SL	Siera Leonė		tūkst. EUR	27.8
2020M02	Eksportas	SL	Siera Leonė		tūkst. EUR	112.3
2020M03	Eksportas	SL	Siera Leonė		tūkst. EUR	301.2
2019	Eksportas	SG	Singapūras		tūkst. EUR	215786.2
2020M01	Eksportas	SG	Singapūras		tūkst. EUR	14217.5
2020M02	Eksportas	SG	Singapūras		tūkst. EUR	3761.4
2020M03	Eksportas	SG	Singapūras		tūkst. EUR	5718.4
2019	Eksportas	SX	Sint Martenas (Nyderlandų dalis)		tūkst. EUR	240.1
2019	Eksportas	SY	Sirija		tūkst. EUR	871.5
2020M03	Eksportas	SY	Sirija		tūkst. EUR	3.5
2019	Eksportas	SO	Somalis		tūkst. EUR	51.7
2020M01	Eksportas	SO	Somalis		tūkst. EUR	15.9
2020M03	Eksportas	SO	Somalis		tūkst. EUR	
2019	Eksportas	SD	Sudanas		tūkst. EUR	43259.5
2020M01	Eksportas	SD	Sudanas		tūkst. EUR	
2020M02	Eksportas	SD	Sudanas		tūkst. EUR	199.6
2020M03	Eksportas	SD	Sudanas		tūkst. EUR	
2019	Eksportas	SR	Surinamas		tūkst. EUR	89.6
2020M01	Eksportas	SR	Surinamas		tūkst. EUR	
2020M02	Eksportas	SR	Surinamas		tūkst. EUR	3.5
2020M03	Eksportas	SR	Surinamas		tūkst. EUR	119.3
2019	Eksportas	SZ	Svazilandas		tūkst. EUR	1.8
2019	Eksportas	LK	Šri Lanka		tūkst. EUR	1001.9
2020M01	Eksportas	LK	Šri Lanka		tūkst. EUR	11.4
2020M02	Eksportas	LK	Šri Lanka		tūkst. EUR	48
2020M03	Eksportas	LK	Šri Lanka		tūkst. EUR	27.5
2019	Eksportas	CH	Šveicarija		tūkst. EUR	153540.7
2020M01	Eksportas	CH	Šveicarija		tūkst. EUR	16203
2020M02	Eksportas	CH	Šveicarija		tūkst. EUR	13333.5
2020M03	Eksportas	CH	Šveicarija		tūkst. EUR	12245.8
2019	Eksportas	TJ	Tadžikistanas		tūkst. EUR	34525.6
2020M01	Eksportas	TJ	Tadžikistanas		tūkst. EUR	2485.8
2020M02	Eksportas	TJ	Tadžikistanas		tūkst. EUR	3865.6
2020M03	Eksportas	TJ	Tadžikistanas		tūkst. EUR	3376.6
2019	Eksportas	TH	Tailandas		tūkst. EUR	11540.9
2020M01	Eksportas	TH	Tailandas		tūkst. EUR	1291.7
2020M02	Eksportas	TH	Tailandas		tūkst. EUR	970
2020M03	Eksportas	TH	Tailandas		tūkst. EUR	761.8
2019	Eksportas	TW	Taivanas		tūkst. EUR	19594.9
2020M01	Eksportas	TW	Taivanas		tūkst. EUR	1525.6
2020M02	Eksportas	TW	Taivanas		tūkst. EUR	968.3
2020M03	Eksportas	TW	Taivanas		tūkst. EUR	1330.9
2019	Eksportas	TZ	Tanzanija		tūkst. EUR	1169.8
2020M01	Eksportas	TZ	Tanzanija		tūkst. EUR	57.2
2020M02	Eksportas	TZ	Tanzanija		tūkst. EUR	475.5
2020M03	Eksportas	TZ	Tanzanija		tūkst. EUR	26.9
2019	Eksportas	TG	Togas		tūkst. EUR	2978.3
2020M01	Eksportas	TG	Togas		tūkst. EUR	337.8
2020M02	Eksportas	TG	Togas		tūkst. EUR	249.7
2020M03	Eksportas	TG	Togas		tūkst. EUR	331.4
2019	Eksportas	TT	Trinidadas ir Tobagas		tūkst. EUR	1585
2020M01	Eksportas	TT	Trinidadas ir Tobagas		tūkst. EUR	14.3
2020M02	Eksportas	TT	Trinidadas ir Tobagas		tūkst. EUR	14.2
2020M03	Eksportas	TT	Trinidadas ir Tobagas		tūkst. EUR	15.5
2019	Eksportas	TN	Tunisas		tūkst. EUR	8378.8
2020M01	Eksportas	TN	Tunisas		tūkst. EUR	208.2
2020M02	Eksportas	TN	Tunisas		tūkst. EUR	359.8
2020M03	Eksportas	TN	Tunisas		tūkst. EUR	319.8
2019	Eksportas	TR	Turkija		tūkst. EUR	238722.5
2020M01	Eksportas	TR	Turkija		tūkst. EUR	29924.2
2020M02	Eksportas	TR	Turkija		tūkst. EUR	25212.9
2020M03	Eksportas	TR	Turkija		tūkst. EUR	37933.2
2019	Eksportas	TM	Turkmėnistanas		tūkst. EUR	15442.1
2020M01	Eksportas	TM	Turkmėnistanas		tūkst. EUR	1496.7
2020M02	Eksportas	TM	Turkmėnistanas		tūkst. EUR	1098.3
2020M03	Eksportas	TM	Turkmėnistanas		tūkst. EUR	2438
2019	Eksportas	UG	Uganda		tūkst. EUR	513.7
2020M01	Eksportas	UG	Uganda		tūkst. EUR	8.4
2020M02	Eksportas	UG	Uganda		tūkst. EUR	34.8
2020M03	Eksportas	UG	Uganda		tūkst. EUR	4431.8
2019	Eksportas	UA	Ukraina		tūkst. EUR	1072898.8
2020M01	Eksportas	UA	Ukraina		tūkst. EUR	94549.7
2020M02	Eksportas	UA	Ukraina		tūkst. EUR	97719.9
2020M03	Eksportas	UA	Ukraina		tūkst. EUR	93418.2
2019	Eksportas	UY	Urugvajus		tūkst. EUR	1280
2020M01	Eksportas	UY	Urugvajus		tūkst. EUR	87.4
2020M02	Eksportas	UY	Urugvajus		tūkst. EUR	122.5
2020M03	Eksportas	UY	Urugvajus		tūkst. EUR	141.7
2019	Eksportas	UZ	Uzbekistanas		tūkst. EUR	186886.5
2020M01	Eksportas	UZ	Uzbekistanas		tūkst. EUR	6567.3
2020M02	Eksportas	UZ	Uzbekistanas		tūkst. EUR	9977.5
2020M03	Eksportas	UZ	Uzbekistanas		tūkst. EUR	14458.1
2019	Eksportas	VU	Vanuatu		tūkst. EUR	25.1
2020M01	Eksportas	VU	Vanuatu		tūkst. EUR	1.7
2020M02	Eksportas	VU	Vanuatu		tūkst. EUR	2.8
2019	Eksportas	VE	Venesuela		tūkst. EUR	147.7
2020M01	Eksportas	VE	Venesuela		tūkst. EUR	1.6
2020M02	Eksportas	VE	Venesuela		tūkst. EUR	1.6
2020M03	Eksportas	VE	Venesuela		tūkst. EUR	
2019	Eksportas	VN	Vietnamas		tūkst. EUR	18540.6
2020M01	Eksportas	VN	Vietnamas		tūkst. EUR	1365.2
2020M02	Eksportas	VN	Vietnamas		tūkst. EUR	1263.4
2020M03	Eksportas	VN	Vietnamas		tūkst. EUR	677.1
2019	Eksportas	ZM	Zambija		tūkst. EUR	1296.9
2020M01	Eksportas	ZM	Zambija		tūkst. EUR	201.2
2020M02	Eksportas	ZM	Zambija		tūkst. EUR	103.1
2020M03	Eksportas	ZM	Zambija		tūkst. EUR	58.2
2019	Eksportas	ZW	Zimbabvė		tūkst. EUR	260.4
2020M01	Eksportas	ZW	Zimbabvė		tūkst. EUR	28.1
2020M02	Eksportas	ZW	Zimbabvė		tūkst. EUR	47.8
2020M03	Eksportas	ZW	Zimbabvė		tūkst. EUR	68
2019	Eksportas	CV	Žaliasis Kyšulys		tūkst. EUR	9.8
